m_res1,m_res2,dfit1,dfit2
0.006768750009458534,0.04406236427773573,-0.004571885256973182,-0.0009264906862532247
0.006768750009458534,0.0376939097538836,-0.0052092678919937,-0.0006325273169827389
0.006768750009458534,0.03224590545296395,-0.005587907178042811,-0.0003166242979606621
0.006768750009458534,0.02758531617629184,-0.005715775869589391,1.4130726970862091e-05
0.006768750009458534,0.02359833466782194,-0.005617265352788234,0.0003500073954619338
0.006768750009458534,0.02018760254679039,-0.005309536769016602,0.0006791535190130408
0.006768750009458534,0.017269832906594344,-0.004821241270878387,0.0009818377855544285
0.005790443980602483,0.07038135554931554,-1.1777200078336766e-05,-0.0017499138596496894
0.005790443980602483,0.06020894493336132,-0.0017923120861811476,-0.0015634823904290673
0.005790443980602483,0.05150678076168122,-0.00331627174614441,-0.001341681333741424
0.005790443980602483,0.04406236427773573,-0.00454159904302031,-0.0010838108466249144
0.005790443980602483,0.0376939097538836,-0.005458679828030508,-0.0007919336115698878
0.005790443980602483,0.03224590545296395,-0.006073260956857361,-0.00046993799303343556
0.005790443980602483,0.02758531617629184,-0.006399513631039412,-0.00012272941950900373
0.005790443980602483,0.02359833466782194,-0.006455610935575376,0.00024349709054633035
0.005790443980602483,0.02018760254679039,-0.0062615729949124085,0.0006192371043019296
0.005790443980602483,0.017269832906594344,-0.00583993631664977,0.0009877103935087884
0.005790443980602483,0.014773776525985112,-0.005219709463049828,0.0013192182593720996
0.005790443980602483,0.012638482029342984,-0.004434484279997362,0.0015683015068892958
0.005790443980602483,0.010811807510766078,-0.003532071241388311,0.0016744985042657975
0.005790443980602483,0.009249147277217335,-0.0025700577795497413,0.0015754531520508293
0.005790443980602483,0.007912342618981327,-0.001614518052399661,0.0012317103723675246
0.005790443980602483,0.006768750009458534,-0.0007368161521994872,0.0006625756778086163
0.00495353520895917,0.08227241341700466,0.0043643271986811005,-0.0020078303308161283
0.00495353520895917,0.07038135554931554,0.0020054239662122015,-0.0018682721324853311
0.00495353520895917,0.06020894493336132,-0.00015701994804211158,-0.0016968496868024676
0.00495353520895917,0.05150678076168122,-0.0020413009078207455,-0.0014887870918717618
0.00495353520895917,0.04406236427773573,-0.003605285246992964,-0.0012421181340426875
0.00495353520895917,0.0376939097538836,-0.004834286213527269,-0.0009571266322907832
0.00495353520895917,0.03224590545296395,-0.005730403125972494,-0.0006354655924731509
0.00495353520895917,0.02758531617629184,-0.006304085537010144,-0.0002793428544035072
0.00495353520895917,0.02359833466782194,-0.006569293568327295,0.00010800088341007175
0.00495353520895917,0.02018760254679039,-0.006542213973684291,0.0005197940775720536
0.00495353520895917,0.017269832906594344,-0.006243120011847204,0.0009409961126277023
0.00495353520895917,0.014773776525985112,-0.005700381555239632,0.001342322154471121
0.00495353520895917,0.012638482029342984,-0.004954527789554857,0.0016761940941148533
0.00495353520895917,0.010811807510766078,-0.0040602312612308435,0.0018788453401593342
0.00495353520895917,0.009249147277217335,-0.0030855107772172928,0.001882258005708731
0.00495353520895917,0.007912342618981327,-0.002108208206315704,0.0016376861245153704
0.00495353520895917,0.006768750009458534,-0.0012117500633543612,0.0011499199267491205
0.00495353520895917,0.005790443980602483,-0.00047099887998050137,0.000528962639857193
0.004237587160604063,0.09617248711152965,0.011014171872507712,-0.0022005246062831363
0.004237587160604063,0.08227241341700466,0.008292534453167492,-0.0021001461611435636
0.004237587160604063,0.07038135554931554,0.005593328110137946,-0.0019767020832673074
0.004237587160604063,0.06020894493336132,0.0030734269070714438,-0.0018220694640580157
0.004237587160604063,0.05150678076168122,0.0008311291537811583,-0.0016304679906557127
0.004237587160604063,0.04406236427773573,-0.0010818611033067088,-0.0013986639719673344
0.004237587160604063,0.0376939097538836,-0.0026447743461423413,-0.0011252980734732193
0.004237587160604063,0.03224590545296395,-0.0038546731952193753,-0.0008099120272011842
0.004237587160604063,0.02758531617629184,-0.004716874121759438,-0.0004522202482273871
0.004237587160604063,0.02359833466782194,-0.0052401887256497805,-5.287188135223034e-05
0.004237587160604063,0.02018760254679039,-0.005436583418259154,0.00038342425848909655
0.004237587160604063,0.017269832906594344,-0.0053244163609328194,0.0008425077198392974
0.004237587160604063,0.014773776525985112,-0.004933802533624979,0.001294423185391884
0.004237587160604063,0.012638482029342984,-0.00431018842925875,0.00168954602305234
0.004237587160604063,0.010811807510766078,-0.0035155418662974496,0.0019608351652447426
0.004237587160604063,0.009249147277217335,-0.0026262442945172416,0.0020350329082464854
0.004237587160604063,0.007912342618981327,-0.0017294107396148709,0.0018541002112533078
0.004237587160604063,0.006768750009458534,-0.0009193301549714051,0.0014065841738965684
0.004237587160604063,0.005790443980602483,-0.00028744690286933703,0.0007740975017971963
0.003625117049988535,0.11242100350620862,0.020002358395261235,-0.0023408552509566693
0.003625117049988535,0.09617248711152965,0.017413166291269783,-0.0022664609512084684
0.003625117049988535,0.08227241341700466,0.014521411863342038,-0.00218121357087315
0.003625117049988535,0.07038135554931554,0.011579216370894565,-0.0020748614579930067
0.003625117049988535,0.06020894493336132,0.008773463425378044,-0.0019385283812206337
0.003625117049988535,0.05150678076168122,0.0062210968659534285,-0.0017656050389086631
0.003625117049988535,0.04406236427773573,0.003985391393637714,-0.0015517687707716995
0.003625117049988535,0.0376939097538836,0.002094979767788839,-0.0012941910173744622
0.003625117049988535,0.03224590545296395,0.0005595422805648809,-0.0009905151004963259
0.003625117049988535,0.02758531617629184,-0.0006202110691341456,-0.0006383176617483044
0.003625117049988535,0.02359833466782194,-0.0014477714261815636,-0.0002363262970733893
0.003625117049988535,0.02018760254679039,-0.001931568563082148,0.00021186956529471826
0.003625117049988535,0.017269832906594344,-0.002089341077753055,0.0006918875750106059
0.003625117049988535,0.014773776525985112,-0.001953101910236193,0.0011723018567173819
0.003625117049988535,0.012638482029342984,-0.0015718059484178923,0.0016012323567765562
0.003625117049988535,0.010811807510766078,-0.0010104993265758063,0.001908741345101729
0.003625117049988535,0.009249147277217335,-0.00034808488990490066,0.0020168260444954665
0.003625117049988535,0.007912342618981327,0.0003252114549878478,0.0018579182272520864
0.003625117049988535,0.006768750009458534,0.0009092899475905509,0.0014027902530983306
0.003625117049988535,0.005790443980602483,0.0013041067926074775,0.0007054827319525878
0.0031011689265747783,0.13141473626117567,0.030847447377508642,-0.0024470433283648612
0.0031011689265747783,0.11242100350620862,0.029252197818532822,-0.002382959742725011
0.0031011689265747783,0.09617248711152965,0.026890041434409602,-0.0023212501573667
0.0031011689265747783,0.08227241341700466,0.024062996568409423,-0.002251630853988802
0.0031011689265747783,0.07038135554931554,0.021066204438854874,-0.0021631020637874797
0.0031011689265747783,0.06020894493336132,0.018120707812735438,-0.0020462284054667485
0.0031011689265747783,0.05150678076168122,0.015366551532093596,-0.0018937612884100906
0.0031011689265747783,0.04406236427773573,0.012882107514392001,-0.0017004819531652
0.0031011689265747783,0.0376939097538836,0.010706782541287888,-0.001462292105978967
0.0031011689265747783,0.03224590545296395,0.008858186930499331,-0.0011752650345975427
0.0031011689265747783,0.02758531617629184,0.007343215645792775,-0.0008353876843752986
0.0031011689265747783,0.02359833466782194,0.006162453840621827,-0.00044033596387215064
0.0031011689265747783,0.02018760254679039,0.005309221010746408,6.235390676020087e-06
0.0031011689265747783,0.017269832906594344,0.004765864380223976,0.0004886085884850717
0.0031011689265747783,0.014773776525985112,0.004500421294309506,0.0009732413108927323
0.0031011689265747783,0.012638482029342984,0.004466539391817501,0.001406064386016293
0.0031011689265747783,0.010811807510766078,0.004605541698010649,0.001714769387681917
0.0031011689265747783,0.009249147277217335,0.004847589315203077,0.001816784358371662
0.0031011689265747783,0.007912342618981327,0.005111324131307126,0.001633964633734874
0.0031011689265747783,0.006768750009458534,0.005299951641620117,0.0011157809527663383
0.0031011689265747783,0.005790443980602483,0.0053510517137057585,0.00030066373912792434
0.0026529484644318944,0.13141473626117567,0.042948654023402415,-0.002470271962678794
0.0026529484644318944,0.11242100350620862,0.04229913269995776,-0.0024146224915366603
0.0026529484644318944,0.09617248711152965,0.04062270400617683,-0.002366063222084006
0.0026529484644318944,0.08227241341700466,0.03823800137029571,-0.002312469167542447
0.0026529484644318944,0.07038135554931554,0.03548902859258628,-0.0022422954430723384
0.0026529484644318944,0.06020894493336132,0.03264009462364268,-0.0021457490957665594
0.0026529484644318944,0.05150678076168122,0.029862649786154015,-0.0020151342521729427
0.0026529484644318944,0.04406236427773573,0.02725662797374576,-0.001844535590239693
0.0026529484644318944,0.0376939097538836,0.024875806806795565,-0.0016288506177533904
0.0026529484644318944,0.03224590545296395,0.022746847390051093,-0.0013630090146821013
0.0026529484644318944,0.02758531617629184,0.02088143288489495,-0.0010421108836977991
0.0026529484644318944,0.02359833466782194,0.019281416187635892,-0.0006638508805167922
0.0026529484644318944,0.02018760254679039,0.0179403177227172,-0.0002331673517458196
0.0026529484644318944,0.017269832906594344,0.016842133803048057,0.00023190542281643637
0.0026529484644318944,0.014773776525985112,0.015962101197232435,0.0006954066242119249
0.0026529484644318944,0.012638482029342984,0.015269482262804418,0.0011015118730334323
0.0026529484644318944,0.010811807510766078,0.01472978758756952,0.0013761160119404616
0.0026529484644318944,0.009249147277217335,0.014303223466738468,0.001431761270090022
0.0026529484644318944,0.007912342618981327,0.013937383763589035,0.0011769543490844634
0.0026529484644318944,0.006768750009458534,0.013554488477798832,0.000533113965950013
0.0022695105366946685,0.1536174946671828,0.05686181099951792,-0.002550045764831719
0.0022695105366946685,0.13141473626117567,0.05932873778542738,-0.0024830310169087857
0.0022695105366946685,0.11242100350620862,0.060432662171358564,-0.002437352228032411
0.0022695105366946685,0.09617248711152965,0.0601244353644337,-0.0024024070302552806
0.0022695105366946685,0.08227241341700466,0.058732324719791534,-0.0023651591388521055
0.0022695105366946685,0.07038135554931554,0.05666309182885549,-0.002313712766516259
0.0022695105366946685,0.06020894493336132,0.05424315265532833,-0.0022381146172478538
0.0022695105366946685,0.05150678076168122,0.05169112678865549,-0.0021304399303728656
0.0022695105366946685,0.04406236427773573,0.0491391759539772,-0.001984281176869993
0.0022695105366946685,0.0376939097538836,0.04666040084866373,-0.00179384501437091
0.0022695105366946685,0.03224590545296395,0.04429039794119626,-0.0015534353204824261
0.0022695105366946685,0.02758531617629184,0.04204224493369047,-0.0012581462382338388
0.0022695105366946685,0.02359833466782194,0.039916060656439184,-0.0009068112458848663
0.0022695105366946685,0.02018760254679039,0.03790535817518868,-0.0005068136578814746
0.0022695105366946685,0.017269832906594344,0.03600253671402762,-7.913257419125218e-05
0.0022695105366946685,0.014773776525985112,0.03420496070064003,0.0003380447926790165
0.0022695105366946685,0.012638482029342984,0.032520978143941975,0.0006879443412502617
0.0022695105366946685,0.010811807510766078,0.030971585312025735,0.0008951929844104651
0.0022695105366946685,0.009249147277217335,0.029581840681018563,0.0008660016597057268
0.0022695105366946685,0.007912342618981327,0.028359777624366173,0.0004898496833854733
0.0022695105366946685,0.006768750009458534,0.027270762421698343,-0.000351748093217573
0.0019414919457438817,0.1536174946671828,0.07556458608750508,-0.0025493978022398125
0.0019414919457438817,0.13141473626117567,0.0812893254037786,-0.002487741785142742
0.0019414919457438817,0.11242100350620862,0.08530826782482405,-0.0024528644115839543
0.0019414919457438817,0.09617248711152965,0.08732209325588992,-0.0024320136503622296
0.0019414919457438817,0.08227241341700466,0.08766223574298289,-0.0024113600161773823
0.0019414919457438817,0.07038135554931554,0.08683354684249633,-0.002378882438258703
0.0019414919457438817,0.06020894493336132,0.08526158279571758,-0.0023246927638095743
0.0019414919457438817,0.05150678076168122,0.08323957535749658,-0.002240805750154668
0.0019414919457438817,0.04406236427773573,0.08094792681122287,-0.0021205751252195743
0.0019414919457438817,0.0376939097538836,0.07848494354076305,-0.0019578836642220104
0.0019414919457438817,0.03224590545296395,0.07589355974571554,-0.0017470377575157286
0.0019414919457438817,0.02758531617629184,0.07318328791063035,-0.0014840630981061058
0.0019414919457438817,0.02359833466782194,0.07034928658881939,-0.0011700920744470134
0.0019414919457438817,0.02018760254679039,0.06738909100537091,-0.0008158306816566274
0.0019414919457438817,0.017269832906594344,0.0643177220475966,-0.000445350066286687
0.0019414919457438817,0.014773776525985112,0.061181602655641106,-9.828480347294062e-05
0.0019414919457438817,0.012638482029342984,0.058069196921459204,0.00016887211724479268
0.0019414919457438817,0.010811807510766078,0.05510853052365092,0.00027945487677399943
0.0019414919457438817,0.009249147277217335,0.05244329346135159,0.00012968878553527854
0.0019414919457438817,0.007912342618981327,0.050185998648477635,-0.00041999067505045685
0.0019414919457438817,0.006768750009458534,0.048375773760086956,-0.0015477975136377999
0.0016608827826277166,0.1536174946671828,0.09972884434028205,-0.002540662864120023
0.0016608827826277166,0.13141473626117567,0.11051361437607043,-0.002486135903048695
0.0016608827826277166,0.11242100350620862,0.11906282099214544,-0.0024630114545120914
0.0016608827826277166,0.09617248711152965,0.12465179281394984,-0.002456716377205476
0.0016608827826277166,0.08227241341700466,0.12764371605349098,-0.002452830552383788
0.0016608827826277166,0.07038135554931554,0.12871965927342688,-0.0024394797449450653
0.0016608827826277166,0.06020894493336132,0.1284703719951069,-0.0024070289910554945
0.0016608827826277166,0.05150678076168122,0.12730663959993616,-0.0023476383779683064
0.0016608827826277166,0.04406236427773573,0.12547900148617006,-0.0022546716533719553
0.0016608827826277166,0.0376939097538836,0.12311672712567165,-0.0021221162969237138
0.0016608827826277166,0.03224590545296395,0.1202656466185725,-0.001944989913918461
0.0016608827826277166,0.02758531617629184,0.11692481431679895,-0.0017212491197973745
0.0016608827826277166,0.02359833466782194,0.11308239666538154,-0.0014553380818168973
0.0016608827826277166,0.02018760254679039,0.10874941613024659,-0.0011617929964423414
0.0016608827826277166,0.017269832906594344,0.10398986805514045,-0.0008672756545043104
0.0016608827826277166,0.014773776525985112,0.09894690325071288,-0.000611351586108487
0.0016608827826277166,0.012638482029342984,0.09385801371178393,-0.0004489801703165543
0.0016608827826277166,0.010811807510766078,0.0890396555375261,-0.0004594945214250569
0.0016608827826277166,0.009249147277217335,0.08482611081953027,-0.0007639356720996628
0.0016608827826277166,0.007912342618981327,0.0814830159456824,-0.0015472266293691046
0.0016608827826277166,0.006768750009458534,0.07916392608629656,-0.0030783128843550377
0.0014208308325339223,0.17957144943716408,0.11271516402622682,-0.0026166286672124946
0.0014208308325339223,0.1536174946671828,0.13082353120599796,-0.002525901179190038
0.0014208308325339223,0.13141473626117567,0.14923587169247268,-0.0024800537005986874
0.0014208308325339223,0.11242100350620862,0.16446055800447418,-0.0024696769690066085
0.0014208308325339223,0.09617248711152965,0.17516275776022217,-0.00247832012811173
0.0014208308325339223,0.08227241341700466,0.18185485604373108,-0.002491312600660915
0.0014208308325339223,0.07038135554931554,0.18554449985122567,-0.0024971850602975515
0.0014208308325339223,0.06020894493336132,0.18709330462662874,-0.0024867484399795836
0.0014208308325339223,0.05150678076168122,0.18708963450859983,-0.0024524927028438046
0.0014208308325339223,0.04406236427773573,0.1858799378758047,-0.0023880785933808233
0.0014208308325339223,0.0376939097538836,0.1836270269277295,-0.0022880795660928993
0.0014208308325339223,0.03224590545296395,0.180369961598481,-0.002149006063378858
0.0014208308325339223,0.02758531617629184,0.17608664582002834,-0.001971711015812106
0.0014208308325339223,0.02359833466782194,0.17075764548700464,-0.0017647364750072996
0.0014208308325339223,0.02018760254679039,0.1644263782733801,-0.0015464100195684751
0.0014208308325339223,0.017269832906594344,0.15725362988161518,-0.0013446776925447642
0.0014208308325339223,0.014773776525985112,0.1495628542593635,-0.0011969575868659046
0.0014208308325339223,0.012638482029342984,0.14185387659480792,-0.0011559723529959403
0.0014208308325339223,0.010811807510766078,0.13474432024665461,-0.0013078353090171418
0.0014208308325339223,0.009249147277217335,0.1288340051586179,-0.0018030725812152252
0.0014208308325339223,0.007912342618981327,0.12457769675740245,-0.002897026040934984
0.0012154742500762859,0.17957144943716408,0.14236638706506888,-0.0025938204500918697
0.0012154742500762859,0.1536174946671828,0.17087026963572702,-0.0025067789701654643
0.0012154742500762859,0.13141473626117567,0.20046072565175346,-0.002471351108999919
0.0012154742500762859,0.11242100350620862,0.22505518303995994,-0.0024746410207457698
0.0012154742500762859,0.09617248711152965,0.24260666815420498,-0.002498506142430131
0.0012154742500762859,0.08227241341700466,0.2540708166944017,-0.002528429454522209
0.0012154742500762859,0.07038135554931554,0.2610354608682807,-0.0025535964766343305
0.0012154742500762859,0.06020894493336132,0.2647824006735827,-0.0025654364084471033
0.0012154742500762859,0.05150678076168122,0.2661505176942968,-0.0025569627387644718
0.0012154742500762859,0.04406236427773573,0.2656054942616614,-0.002522442683547403
0.0012154742500762859,0.0376939097538836,0.2633368270318903,-0.002457578338749274
0.0012154742500762859,0.03224590545296395,0.2593569161032927,-0.0023611694552685913
0.0012154742500762859,0.02758531617629184,0.25360553034328714,-0.002237873767373118
0.0012154742500762859,0.02359833466782194,0.2460574422703116,-0.0021007530793051782
0.0012154742500762859,0.02018760254679039,0.2368257667334506,-0.001971162390864559
0.0012154742500762859,0.017269832906594344,0.22625734387611565,-0.0018761482771002807
0.0012154742500762859,0.014773776525985112,0.21500141078427407,-0.001848741432511354
0.0012154742500762859,0.012638482029342984,0.2039887482870734,-0.0019404952909286787
0.0012154742500762859,0.010811807510766078,0.19426100658637155,-0.002252411525740017
0.0012154742500762859,0.009249147277217335,0.18672348145974685,-0.0029827242223421624
0.0012154742500762859,0.007912342618981327,0.18204103364310995,-0.004495463400079767
0.00103979841848149,0.17957144943716408,0.1789542288339538,-0.0025661001639560067
0.00103979841848149,0.1536174946671828,0.22272087307241561,-0.0024849967552447883
0.00103979841848149,0.13141473626117567,0.26822876604722096,-0.002461785774364458
0.00103979841848149,0.11242100350620862,0.3053321972878303,-0.002479496609766884
0.00103979841848149,0.09617248711152965,0.33148086720294334,-0.002518745832562328
0.00103979841848149,0.08227241341700466,0.3486521036218105,-0.002565612546197308
0.00103979841848149,0.07038135554931554,0.35938684045389024,-0.0026101446464268986
0.00103979841848149,0.06020894493336132,0.36557038100848427,-0.0026445595080124094
0.00103979841848149,0.05150678076168122,0.36836416264507393,-0.0026625909905694657
0.00103979841848149,0.04406236427773573,0.3683614204080809,-0.002659441650405822
0.00103979841848149,0.0376939097538836,0.3657526805346533,-0.002632534324212301
0.00103979841848149,0.03224590545296395,0.36048603330868234,-0.0025837805558287593
0.00103979841848149,0.02758531617629184,0.35243702088336154,-0.002522370472213261
0.00103979841848149,0.02359833466782194,0.3415852112068074,-0.0024657980848136166
0.00103979841848149,0.02018760254679039,0.32819057441471616,-0.0024368119397322036
0.00103979841848149,0.017269832906594344,0.3129535778873676,-0.0024586426644601644
0.00103979841848149,0.014773776525985112,0.2970853597763362,-0.002558421314646091
0.00103979841848149,0.012638482029342984,0.2821546654478702,-0.002790676174738492
0.00103979841848149,0.010811807510766078,0.26969974517218614,-0.0032840513047686795
0.00103979841848149,0.009249147277217335,0.26089689850877784,-0.004310225904923651
0.00103979841848149,0.007912342618981327,0.2566874976531181,-0.006405616571458071
0.0008895134973108237,0.17957144943716408,0.22444159042921133,-0.0025349401692326473
0.0008895134973108237,0.1536174946671828,0.2904546525569346,-0.002462254681395748
0.0008895134973108237,0.13141473626117567,0.3578842818537792,-0.002452946862123471
0.0008895134973108237,0.11242100350620862,0.41077892499151447,-0.0024855901729209273
0.0008895134973108237,0.09617248711152965,0.4469930596009974,-0.0025402510988800794
0.0008895134973108237,0.08227241341700466,0.4704759427286153,-0.0026040333934302
0.0008895134973108237,0.07038135554931554,0.48518970838240527,-0.002668051138528242
0.0008895134973108237,0.06020894493336132,0.49380883536051523,-0.0027254148902977524
0.0008895134973108237,0.05150678076168122,0.4978632775660963,-0.0027707895804141183
0.0008895134973108237,0.04406236427773573,0.4980513950599007,-0.0028006883106071363
0.0008895134973108237,0.0376939097538836,0.4945065941626414,-0.0028148861609678002
0.0008895134973108237,0.03224590545296395,0.48704905061119896,-0.0028192002178920135
0.0008895134973108237,0.02758531617629184,0.4754554442619462,-0.002827809099728565
0.0008895134973108237,0.02359833466782194,0.45974873020757084,-0.002861887923259063
0.0008895134973108237,0.02018760254679039,0.44049763381001633,-0.0029429622684130864
0.0008895134973108237,0.017269832906594344,0.41905396835906217,-0.0030872849723744054
0.0008895134973108237,0.014773776525985112,0.39752243834526013,-0.0033165599364059915
0.0008895134973108237,0.012638482029342984,0.3782789860587442,-0.003696511458256902
0.0008895134973108237,0.010811807510766078,0.36329630695441906,-0.004400626395185607
0.0008895134973108237,0.009249147277217335,0.35392303233614003,-0.005811418776866145
0.0007609496685459876,0.20991037201085547,0.21153701993499233,-0.002635854586679918
0.0007609496685459876,0.17957144943716408,0.28177951966711073,-0.0025017251950587766
0.0007609496685459876,0.1536174946671828,0.3798855005010537,-0.0024401572698215597
0.0007609496685459876,0.13141473626117567,0.4762599322555295,-0.002446168038093541
0.0007609496685459876,0.11242100350620862,0.5478246177977042,-0.0024939589612221866
0.0007609496685459876,0.09617248711152965,0.5949383600004077,-0.0025639581126627093
0.0007609496685459876,0.08227241341700466,0.6248267839722987,-0.0026446417451808676
0.0007609496685459876,0.07038135554931554,0.6433546018216885,-0.002728300754588354
0.0007609496685459876,0.06020894493336132,0.6541173965604608,-0.0028090846888179067
0.0007609496685459876,0.05150678076168122,0.6590060112228456,-0.0028827916121951396
0.0007609496685459876,0.04406236427773573,0.6587484271403099,-0.0029476716510365396
0.0007609496685459876,0.0376939097538836,0.6533170758861451,-0.0030064952151118178
0.0007609496685459876,0.03224590545296395,0.6423093457837147,-0.003069706338947047
0.0007609496685459876,0.02758531617629184,0.625371661858165,-0.0031565498218727593
0.0007609496685459876,0.02359833466782194,0.602680741316336,-0.003290245722577241
0.0007609496685459876,0.02018760254679039,0.5754342077661513,-0.003487605851684713
0.0007609496685459876,0.017269832906594344,0.5461091216914238,-0.003755462895955329
0.0007609496685459876,0.014773776525985112,0.5180634116003224,-0.004113908852031865
0.0007609496685459876,0.012638482029342984,0.49447372124991607,-0.004651812956970463
0.0007609496685459876,0.010811807510766078,0.4775054138067558,-0.005609517570717366
0.0007609496685459876,0.009249147277217335,0.46863222588969367,-0.00754222399433014
0.0006509675230458171,0.20991037201085547,0.2533236011762092,-0.00259794698947982
0.0006509675230458171,0.17957144943716408,0.3554768089738744,-0.0024678574149505942
0.0006509675230458171,0.1536174946671828,0.499112713884392,-0.002420167780591037
0.0006509675230458171,0.13141473626117567,0.6316581431676376,-0.002442463972393565
0.0006509675230458171,0.11242100350620862,0.7236253984910235,-0.0025053481832529234
0.0006509675230458171,0.09617248711152965,0.7815229130792023,-0.0025905193120831314
0.0006509675230458171,0.08227241341700466,0.8172951159075847,-0.0026881026328473704
0.0006509675230458171,0.07038135554931554,0.8390687970157018,-0.002791650433389708
0.0006509675230458171,0.06020894493336132,0.8513816474771396,-0.0028964387182098253
0.0006509675230458171,0.05150678076168122,0.8563911567394111,-0.0029996396816098212
0.0006509675230458171,0.04406236427773573,0.8547104606536348,-0.003101696367628627
0.0006509675230458171,0.0376939097538836,0.8459893556522767,-0.003209065718885743
0.0006509675230458171,0.03224590545296395,0.8294774927891656,-0.003337382021781358
0.0006509675230458171,0.02758531617629184,0.8046962664161328,-0.0035104519716458497
0.0006509675230458171,0.02359833466782194,0.7722408776715538,-0.0037509125805357197
0.0006509675230458171,0.02018760254679039,0.7345115695354952,-0.004066938518159527
0.0006509675230458171,0.017269832906594344,0.6957433756372976,-0.004455525655019936
0.0006509675230458171,0.014773776525985112,0.6607584660325848,-0.004942844627955207
0.0006509675230458171,0.012638482029342984,0.6332200332241632,-0.005655425485339925
0.0006509675230458171,0.010811807510766078,0.6151292215525456,-0.006930410437590628
0.0006509675230458171,0.009249147277217335,0.6083861853259369,-0.009618852542215544
0.0005568813990945267,0.20991037201085547,0.30343675558840155,-0.0025578280674065364
0.0005568813990945267,0.17957144943716408,0.452474327884006,-0.002434705938594842
0.0005568813990945267,0.1536174946671828,0.6589293877930225,-0.0024035313123463094
0.0005568813990945267,0.13141473626117567,0.8335275688102495,-0.002442520217332814
0.0005568813990945267,0.11242100350620862,0.9457486384693846,-0.0025201864093868315
0.0005568813990945267,0.09617248711152965,1.0132063626017151,-0.002620346032169977
0.0005568813990945267,0.08227241341700466,1.0537424434547968,-0.0027348732107093606
0.0005568813990945267,0.07038135554931554,1.0778344007589258,-0.0028586234282479374
0.0005568813990945267,0.06020894493336132,1.0908238684929905,-0.002988126556087442
0.0005568813990945267,0.05150678076168122,1.0949397341968037,-0.0031221751616364486
0.0005568813990945267,0.04406236427773573,1.0904508950561331,-0.003263900350512769
0.0005568813990945267,0.0376939097538836,1.076458659588636,-0.003424125748566203
0.0005568813990945267,0.03224590545296395,1.051726260054009,-0.003623993220097659
0.0005568813990945267,0.02758531617629184,1.0157637278414289,-0.0038906338537154895
0.0005568813990945267,0.02359833466782194,0.9701328780170603,-0.004242442604683597
0.0005568813990945267,0.02018760254679039,0.9193356610287529,-0.004675482468633611
0.0005568813990945267,0.017269832906594344,0.8700016666390864,-0.005179824693300749
0.0005568813990945267,0.014773776525985112,0.8282322432918988,-0.0057985045961821136
0.0005568813990945267,0.012638482029342984,0.7975421715995802,-0.006711964094328205
0.0005568813990945267,0.010811807510766078,0.7794878116862413,-0.00840199717460666
0.00047639380104013405,0.20991037201085547,0.36489434842700696,-0.002516552882747538
0.00047639380104013405,0.17957144943716408,0.5833978918533267,-0.0024036320399322885
0.00047639380104013405,0.1536174946671828,0.8727614849452642,-0.00239117095394981
0.00047639380104013405,0.13141473626117567,1.091853066936474,-0.0024466754247609683
0.00047639380104013405,0.11242100350620862,1.221876956912504,-0.002538674040951355
0.00047639380104013405,0.09617248711152965,1.2966600384696492,-0.0026536360340015342
0.00047639380104013405,0.08227241341700466,1.3403828205311996,-0.002785208796235447
0.00047639380104013405,0.07038135554931554,1.3656026726927006,-0.0029295624121017452
0.00047639380104013405,0.06020894493336132,1.3781569077678244,-0.003084592532787128
0.00047639380104013405,0.05150678076168122,1.3800390277624028,-0.003251026540855584
0.00047639380104013405,0.04406236427773573,1.370854959541201,-0.003435210524024841
0.00047639380104013405,0.0376939097538836,1.3488672882186468,-0.003652971488667116
0.00047639380104013405,0.03224590545296395,1.3122440724044893,-0.00393089055880299
0.00047639380104013405,0.02758531617629184,1.2608317438780878,-0.0042972260337788264
0.00047639380104013405,0.02359833466782194,1.1981542532742138,-0.004761737108782683
0.00047639380104013405,0.02018760254679039,1.1320012909925292,-0.005306662078947285
0.00047639380104013405,0.017269832906594344,1.0717101708510035,-0.005921876651809186
0.00047639380104013405,0.014773776525985112,1.0239009897786144,-0.0066792632553297595
0.00047639380104013405,0.012638482029342984,0.9911533223362634,-0.007832865245738925
0.00047639380104013405,0.010811807510766078,0.9746699813420474,-0.0100995814297398
0.0004075392965871778,0.24537511066398168,0.29350806052158324,-0.002663518305216148
0.0004075392965871778,0.20991037201085547,0.4425191364541142,-0.0024750807774836826
0.0004075392965871778,0.17957144943716408,0.7641205588913151,-0.0023759377026574854
0.0004075392965871778,0.1536174946671828,1.1557964174346846,-0.0023836414005801226
0.0004075392965871778,0.13141473626117567,1.416470459342234,-0.0024549911634835827
0.0004075392965871778,0.11242100350620862,1.559709764162309,-0.002560799881173862
0.0004075392965871778,0.09617248711152965,1.6389068708440313,-0.0026904243702677347
0.0004075392965871778,0.08227241341700466,1.6839997628130543,-0.002839204408036647
0.0004075392965871778,0.07038135554931554,1.709004071807907,-0.003004640078407835
0.0004075392965871778,0.06020894493336132,1.7197989047659787,-0.0031861353399359623
0.0004075392965871778,0.05150678076168122,1.7177288769987251,-0.0033866709939906086
0.0004075392965871778,0.04406236427773573,1.7013194587855993,-0.0036164045152595158
0.0004075392965871778,0.0376939097538836,1.6676528074230366,-0.003896679119999579
0.0004075392965871778,0.03224590545296395,1.6143111600842863,-0.00425890014617639
0.0004075392965871778,0.02758531617629184,1.5422591385753914,-0.0047291513578448475
0.0004075392965871778,0.02359833466782194,1.4585661031706052,-0.005304172072916062
0.0004075392965871778,0.02018760254679039,1.3755206182859692,-0.005953732507002493
0.0004075392965871778,0.017269832906594344,1.30474986548626,-0.006677175053105771
0.0004075392965871778,0.014773776525985112,1.2521053805829296,-0.007586728336707326
0.0004075392965871778,0.012638482029342984,1.2185852998058964,-0.009039154113578429
0.0004075392965871778,0.010811807510766078,1.2060871376062816,-0.012198449737788854
0.0003486365227678084,0.24537511066398168,0.33451116647920803,-0.0026202713471201863
0.0003486365227678084,0.20991037201085547,0.5441621665196877,-0.0024343492794481917
0.0003486365227678084,0.17957144943716408,1.0170659847010681,-0.0023528103874903314
0.0003486365227678084,0.1536174946671828,1.5233113837415102,-0.002381098865820981
0.0003486365227678084,0.13141473626117567,1.8166574246199219,-0.0024673062846286365
0.0003486365227678084,0.11242100350620862,1.9671480386319884,-0.0025864249414073188
0.0003486365227678084,0.09617248711152965,2.047635809118708,-0.0027306194701204253
0.0003486365227678084,0.08227241341700466,2.0922609283227644,-0.0028968244972921173
0.0003486365227678084,0.07038135554931554,2.1156397427279927,-0.00308390298020544
0.0003486365227678084,0.06020894493336132,2.1231282699360476,-0.0032929017672322838
0.0003486365227678084,0.05150678076168122,2.1149041947235436,-0.003529455894213392
0.0003486365227678084,0.04406236427773573,2.0878882003166894,-0.0038081056832200977
0.0003486365227678084,0.0376939097538836,2.0376269315031115,-0.004156067180509369
0.0003486365227678084,0.03224590545296395,1.9613993547419604,-0.004608161444444313
0.0003486365227678084,0.02758531617629184,1.8627776422128208,-0.00518402071096601
0.0003486365227678084,0.02359833466782194,1.7545417277595177,-0.005864070539481757
0.0003486365227678084,0.02018760254679039,1.654184580923701,-0.006610755717579446
0.0003486365227678084,0.017269832906594344,1.574205835581932,-0.007443445503409539
0.0003486365227678084,0.014773776525985112,1.5181898540272962,-0.008525816694998634
0.0003486365227678084,0.012638482029342984,1.4853448407695093,-0.01036923605681783
0.0002982471286216891,0.24537511066398168,0.3823724940817466,-0.002575366007256939
0.0002982471286216891,0.20991037201085547,0.682898734491455,-0.0023953111785712856
0.0002982471286216891,0.17957144943716408,1.3709008869645236,-0.00233517331860168
0.0002982471286216891,0.1536174946671828,1.98885104543689,-0.0023833519281410546
0.0002982471286216891,0.13141473626117567,2.301279116840443,-0.0024833182290032365
0.0002982471286216891,0.11242100350620862,2.45276363935315,-0.002615306327405354
0.0002982471286216891,0.09617248711152965,2.531633549456014,-0.002774050633300158
0.0002982471286216891,0.08227241341700466,2.574091753825003,-0.0029579661125003734
0.0002982471286216891,0.07038135554931554,2.5943976734721375,-0.003167292688538435
0.0002982471286216891,0.06020894493336132,2.5967430002590826,-0.0034049453872739303
0.0002982471286216891,0.05150678076168122,2.5795034404724193,-0.0036796139234532396
0.0002982471286216891,0.04406236427773573,2.537361727221465,-0.004010829879157192
0.0002982471286216891,0.0376939097538836,2.4640288332905547,-0.004431674338698654
0.0002982471286216891,0.03224590545296395,2.357306856940605,-0.004978028345439804
0.0002982471286216891,0.02758531617629184,2.225865046369402,-0.0056581903021442346
0.0002982471286216891,0.02359833466782194,2.090618736200894,-0.006435456937313448
0.0002982471286216891,0.02018760254679039,1.9737879955634972,-0.0072733232492350275
0.0002982471286216891,0.017269832906594344,1.8864223260486868,-0.008220436668393914
0.0002982471286216891,0.014773776525985112,1.828575288589929,-0.00950553292154709
0.0002982471286216891,0.012638482029342984,1.7981721822032943,-0.011899897153604096
0.00025514065200312873,0.24537511066398168,0.4396095398982377,-0.002530202217881897
0.00025514065200312873,0.20991037201085547,0.8808883145156737,-0.0023589921136282677
0.00025514065200312873,0.17957144943716408,1.8568515104643024,-0.0023235214212727283
0.00025514065200312873,0.1536174946671828,2.563361650317897,-0.0023899803282268106
0.00025514065200312873,0.13141473626117567,2.8795049804089534,-0.0025026451327958463
0.00025514065200312873,0.11242100350620862,3.0264252954340094,-0.0026471637442834752
0.00025514065200312873,0.09617248711152965,3.1012680148309606,-0.002820497013028552
0.00025514065200312873,0.08227241341700466,3.1400611552462316,-0.00302245067428792
0.00025514065200312873,0.07038135554931554,3.1557680469362914,-0.00325470856342436
0.00025514065200312873,0.06020894493336132,3.150706045632057,-0.003522258954120889
0.00025514065200312873,0.05150678076168122,3.120672538534097,-0.003837331221008533
0.00025514065200312873,0.04406236427773573,3.0573630113578387,-0.004224980578067253
0.00025514065200312873,0.0376939097538836,2.952563144149878,-0.0047236909032737145
0.00025514065200312873,0.03224590545296395,2.8063689675797416,-0.0053669394432104296
0.00025514065200312873,0.02758531617629184,2.6362138172836276,-0.006147027809509652
0.00025514065200312873,0.02359833466782194,2.473072229964429,-0.007012869249287814
0.00025514065200312873,0.02018760254679039,2.3417241925005605,-0.007938779485574057
0.00025514065200312873,0.017269832906594344,2.249033978315995,-0.009009575035676115
0.00025514065200312873,0.014773776525985112,2.1908684294733027,-0.010541593049428337
0.00025514065200312873,0.012638482029342984,2.1657655813883623,-0.013830098339283621
0.00021826447283974872,0.24537511066398168,0.5104114949366564,-0.002485354901049601
0.00021826447283974872,0.20991037201085547,1.1756236140778724,-0.002326547199685313
0.00021826447283974872,0.17957144943716408,2.5017465410150095,-0.002317789617352351
0.00021826447283974872,0.1536174946671828,3.2559463855330595,-0.002400425928340839
0.00021826447283974872,0.13141473626117567,3.561838065671563,-0.0025248826996185267
0.00021826447283974872,0.11242100350620862,3.6999510667143354,-0.002681695395259648
0.00021826447283974872,0.09617248711152965,3.7689486668684986,-0.0028697168096697445
0.00021826447283974872,0.08227241341700466,3.8027497155437846,-0.003090082383548626
0.00021826447283974872,0.07038135554931554,3.812147502023355,-0.003345996129472399
0.00021826447283974872,0.06020894493336132,3.7967754641446416,-0.0036447898007011055
0.00021826447283974872,0.05150678076168122,3.748889067338445,-0.004002748276929479
0.00021826447283974872,0.04406236427773573,3.656359929951613,-0.004450877465200783
0.00021826447283974872,0.0376939097538836,3.509447563006251,-0.005031892413159824
0.00021826447283974872,0.03224590545296395,3.3137924915320474,-0.005772384753348354
0.00021826447283974872,0.02758531617629184,3.100248477775486,-0.0066454826758675905
0.00021826447283974872,0.02359833466782194,2.91015642289727,-0.0075920247896536786
0.00021826447283974872,0.02018760254679039,2.7670101723220593,-0.008606031014560252
0.00021826447283974872,0.017269832906594344,2.6710313816430404,-0.009813902280674653
0.00021826447283974872,0.014773776525985112,2.614038677101194,-0.011662131254404007
0.00018671810912919206,0.24537511066398168,0.6015900972308752,-0.0024413277857626876
0.00018671810912919206,0.20991037201085547,1.6276258210101702,-0.002299294176930056
0.00018671810912919206,0.17957144943716408,3.3219099084651202,-0.00231743725338102
0.00018671810912919206,0.1536174946671828,4.075944131546466,-0.0024141123076276585
0.00018671810912919206,0.13141473626117567,4.361157833934759,-0.002549644969110364
0.00018671810912919206,0.11242100350620862,4.487691526382232,-0.002718608472888909
0.00018671810912919206,0.09617248711152965,4.549562873976121,-0.0029214634522309103
0.00018671810912919206,0.08227241341700466,4.577112026150909,-0.003160643614018296
0.00018671810912919206,0.07038135554931554,4.578134107792453,-0.0034409883761798913
0.00018671810912919206,0.06020894493336132,4.5486098375346895,-0.0037724891968973803
0.00018671810912919206,0.05150678076168122,4.4760478661517995,-0.004176001267008903
0.00018671810912919206,0.04406236427773573,4.343653594127139,-0.004688723173173342
0.00018671810912919206,0.0376939097538836,4.141526239127835,-0.005355522949158224
0.00018671810912919206,0.03224590545296395,3.8861513027461934,-0.0061910134445224176
0.00018671810912919206,0.02758531617629184,3.626611196329288,-0.007148704110008362
0.00018671810912919206,0.02359833466782194,3.412221968205481,-0.008170062400052195
0.00018671810912919206,0.02018760254679039,3.2603213266230164,-0.009275146869731217
0.00018671810912919206,0.017269832906594344,3.162895844947833,-0.010638527218019564
0.00018671810912919206,0.014773776525985112,3.1087111735730852,-0.012922833487766919
0.0001597312280060254,0.24537511066398168,0.7247369668405418,-0.002398607347464651
0.0001597312280060254,0.20991037201085547,2.3223693436796866,-0.002278487691055612
0.0001597312280060254,0.17957144943716408,4.323164836599752,-0.0023216498315839665
0.0001597312280060254,0.1536174946671828,5.0352705022946305,-0.0024304956285428753
0.0001597312280060254,0.13141473626117567,5.29357187856183,-0.00257657497507865
0.0001597312280060254,0.11242100350620862,5.407051924664896,-0.00275761716066192
0.0001597312280060254,0.09617248711152965,5.460894908444757,-0.0029754930689490726
0.0001597312280060254,0.08227241341700466,5.480839508437141,-0.0032339234779660323
0.0001597312280060254,0.07038135554931554,5.470824440405307,-0.003539527480139752
0.0001597312280060254,0.06020894493336132,5.421959998204439,-0.003905302714893311
0.0001597312280060254,0.05150678076168122,5.315505747220672,-0.004357236593234566
0.0001597312280060254,0.04406236427773573,5.1293540101957085,-0.00493857218487881
0.0001597312280060254,0.0376939097538836,4.8565224238864,-0.005693225858197787
0.0001597312280060254,0.03224590545296395,4.532026320516747,-0.006618906763823651
0.0001597312280060254,0.02758531617629184,4.22653117188379,-0.007652636673655125
0.0001597312280060254,0.02359833466782194,3.9917666580860374,-0.008745468913287643
0.0001597312280060254,0.02018760254679039,3.8340892759211593,-0.009947003677982999
0.0001597312280060254,0.017269832906594344,3.7368087618325214,-0.011492142914159764
0.0001597312280060254,0.014773776525985112,3.6877964036535746,-0.014461445520795079
0.00013664483492953258,0.28683168133420117,0.4252769677647733,-0.002589269063046671
0.00013664483492953258,0.24537511066398168,0.9007161713599221,-0.0023576753101911406
0.00013664483492953258,0.20991037201085547,3.350476363184196,-0.0022648789293686043
0.00013664483492953258,0.17957144943716408,5.507519894889373,-0.0023295560185737805
0.00013664483492953258,0.1536174946671828,6.150213656352932,-0.0024490985359518365
0.00013664483492953258,0.13141473626117567,6.379063795969309,-0.0026053550055207893
0.00013664483492953258,0.11242100350620862,6.478955168066902,-0.002798471456302845
0.00013664483492953258,0.09617248711152965,6.524048320591391,-0.0030315831086799557
0.00013664483492953258,0.08227241341700466,6.534743145658605,-0.0033097273428872535
0.00013664483492953258,0.07038135554931554,6.51012374960902,-0.0036414637659409914
0.00013664483492953258,0.06020894493336132,6.434843184743855,-0.004043217907180593
0.00013664483492953258,0.05150678076168122,6.282090536144368,-0.004546609423151933
0.00013664483492953258,0.04406236427773573,6.024391495329517,-0.005200269430349902
0.00013664483492953258,0.0376939097538836,5.663512709815077,-0.0060429951767408665
0.00013664483492953258,0.03224590545296395,5.2627176531476465,-0.007052036215832867
0.00013664483492953258,0.02758531617629184,4.9140617976659025,-0.008154329365819142
0.00013664483492953258,0.02359833466782194,4.663511299796141,-0.009317749792223105
0.00013664483492953258,0.02018760254679039,4.502700244511659,-0.010623101148526583
0.00013664483492953258,0.017269832906594344,4.406946418115954,-0.012389882653477884
0.00011689518164985776,0.28683168133420117,0.4696155258970824,-0.0025437388584404895
0.00011689518164985776,0.24537511066398168,1.1695277529234769,-0.0023191096976820954
0.00011689518164985776,0.20991037201085547,4.76309241601025,-0.002258265825207115
0.00011689518164985776,0.17957144943716408,6.881391332095449,-0.002340356003612001
0.00011689518164985776,0.1536174946671828,7.44248988829299,-0.0024695213114017513
0.00011689518164985776,0.13141473626117567,7.641975249196575,-0.0026357128589046784
0.00011689518164985776,0.11242100350620862,7.728329011566503,-0.0028409405964865955
0.00011689518164985776,0.09617248711152965,7.763918117013878,-0.003089526244212665
0.00011689518164985776,0.08227241341700466,7.763182510986399,-0.00338786872340624
0.00011689518164985776,0.07038135554931554,7.719071003858824,-0.0037466833394464417
0.00011689518164985776,0.06020894493336132,7.607700573439291,-0.00418625450450405
0.00011689518164985776,0.05150678076168122,7.392073777930108,-0.004744257312526422
0.00011689518164985776,0.04406236427773573,7.04063050191439,-0.005473345980437631
0.00011689518164985776,0.0376939097538836,6.57366132103196,-0.006402241995665664
0.00011689518164985776,0.03224590545296395,6.092892551393114,-0.007486711063164202
0.00011689518164985776,0.02758531617629184,5.70621629616963,-0.008651961791537184
0.00011689518164985776,0.02359833466782194,5.444550348690513,-0.009887087446718361
0.00011689518164985776,0.02018760254679039,5.282787726594573,-0.011305712168535598
0.00011689518164985776,0.017269832906594344,5.189858480574017,-0.013359962585226027
